url_pattern,event_name,release_year
manbow.nothing.sh|&event=150,BOFOON21,2026
manbow.nothing.sh|&event=149,BOF21,2025
manbow.nothing.sh|&event=148,MAXBEAT R:EVOLVED,2025
manbow.nothing.sh|&event=147,無名戦&A-1 2025,2025
manbow.nothing.sh|&event=146,BOF:TT,2024
manbow.nothing.sh|&event=145,偽名BMS作家異世界転生バトル,2024
manbow.nothing.sh|&event=144,無名戦&A-1 2024,2024
manbow.nothing.sh|&event=143,BOFOON:NT,2023
manbow.nothing.sh|&event=142,BOF:NT,2023
manbow.nothing.sh|&event=141,MUMEI Academy 2023,2023
manbow.nothing.sh|&event=140,BOF:ET,2022
manbow.nothing.sh|&event=139,MUMEI Academy 2022,2022
manbow.nothing.sh|&event=138,BOFOON XVII,2021
manbow.nothing.sh|&event=137,BOFXVII,2021
manbow.nothing.sh|&event=136,beatissimo,2021
manbow.nothing.sh|&event=135,MUMEI Academy 2021,2021
manbow.nothing.sh|&event=134,2HDBMS,2021
manbow.nothing.sh|&event=133,BOFXVI,2020
manbow.nothing.sh|&event=132,WORLD WAR,2020
manbow.nothing.sh|&event=131,無名戦17&A-1 10th,2020
manbow.nothing.sh|&event=130,SPRING 9KEYS BLOSSOM,2020
manbow.nothing.sh|&event=129,東方音弾遊戯9,2020
manbow.nothing.sh|&event=128,BOFoonXV,2019
manbow.nothing.sh|&event=127,BOFXV,2019
manbow.nothing.sh|&event=126,無名戦16&A-1 9th,2019
manbow.nothing.sh|&event=125,HYPER SELF REMIX,2019
manbow.nothing.sh|&event=124,BGA PARTY Classic,2018
manbow.nothing.sh|&event=123,G2R2018,2018
manbow.nothing.sh|&event=122,OLDSKOOL VS FUTURE,2018
manbow.nothing.sh|&event=121,無名戦15&A-1 8th,2018
manbow.nothing.sh|&event=120,OLDSKOOL VS FUTURE,2018
manbow.nothing.sh|&event=119,Battle in the Mist 2ndMIX,2018
manbow.nothing.sh|&event=118,東方音弾遊戯8,2018
manbow.nothing.sh|&event=117,ＢＭＳＡイベント２０１７,2017
manbow.nothing.sh|&event=116,BOFU2017,2017
manbow.nothing.sh|&event=115,無名戦14&A-1 7th,2017
manbow.nothing.sh|&event=114,DNBmsFesta,2017
manbow.nothing.sh|&event=113,WE LUV VGBMS,2017
manbow.nothing.sh|&event=112,Wire Puller IV,2017
manbow.nothing.sh|&event=111,BOFU2016予選,2016
manbow.nothing.sh|&event=110,BOFU2016,2016
manbow.nothing.sh|&event=109,Be Happiness!!!!,2016
manbow.nothing.sh|&event=108,無名戦13,2016
manbow.nothing.sh|&event=107,Portable Memories March,2016
manbow.nothing.sh|&event=106,BMS Character Respect,2016
manbow.nothing.sh|&event=105,BOFOON ULTIMATE 2015,2015
manbow.nothing.sh|&event=104,BOFU2015,2015
manbow.nothing.sh|&event=103,ノンジャンル3,2015
manbow.nothing.sh|&event=102,東方音弾遊戯7,2015
manbow.nothing.sh|&event=101,無名戦2015,2015
manbow.nothing.sh|&event=100,WINTER 9KEYS SPARKLE,2015
manbow.nothing.sh|&event=99,G2R後夜祭,2014
manbow.nothing.sh|&event=98,TRIDENT,2014
manbow.nothing.sh|&event=97,G2R2014反省会,2014
manbow.nothing.sh|&event=96,G2R2014,2014
manbow.nothing.sh|&event=95,無名戦11,2014
manbow.nothing.sh|&event=94,DPBMS,2014
manbow.nothing.sh|&event=93,戦國 ～甲午の乱～,2014
manbow.nothing.sh|&event=92,東方音弾遊戯6,2014
manbow.nothing.sh|&event=91,Wire Puller 3,2014
manbow.nothing.sh|&event=90,RETRO BMS EVENT,2014
manbow.nothing.sh|&event=89,AUTUMN 9KEYS STORY,2013
manbow.nothing.sh|&event=88,BOF2013,2013
manbow.nothing.sh|&event=87,BOF2013予選,2013
manbow.nothing.sh|&event=86,無名戦2013,2013
manbow.nothing.sh|&event=85,ノンジャンル2,2013
manbow.nothing.sh|&event=84,COPY&ARRANGE Re:,2012
manbow.nothing.sh|&event=83,BOF2012,2012
manbow.nothing.sh|&event=82,BOF2012予選,2012
manbow.nothing.sh|&event=81,SUMMER 9KEYS FESTIVAL,2012
manbow.nothing.sh|&event=80,SUMMER 9KEYS FESTIVAL,2012
manbow.nothing.sh|&event=79,無名戦2012,2012
manbow.nothing.sh|&event=78,ノンジャンル,2012
manbow.nothing.sh|&event=77,BOFOON 2012,2012
manbow.nothing.sh|&event=76,easymotion,2012
manbow.nothing.sh|&event=75,ULTRAEXTREMEBEAT,2011
manbow.nothing.sh|&event=74,BOF2011,2011
manbow.nothing.sh|&event=73,BOF2011予選,2011
manbow.nothing.sh|&event=72,A-1 ClimaX 2nd,2011
manbow.nothing.sh|&event=71,無名戦8,2011
manbow.nothing.sh|&event=70,みにけび！,2011
manbow.nothing.sh|&event=69,SPRING 9KEYS ROAD,2011
manbow.nothing.sh|&event=68,なんちゃって無名戦,2011
manbow.nothing.sh|&event=67,Wire Puller 2,2011
manbow.nothing.sh|&event=66,BOF2010,2010
manbow.nothing.sh|&event=65,BOF2010,2010
manbow.nothing.sh|&event=64,FIVE VS SEVEN,2010
manbow.nothing.sh|&event=63,無名戦7,2010
manbow.nothing.sh|&event=62,ChaosStage,2010
manbow.nothing.sh|&event=61,EXTREMEBEAT,2010
manbow.nothing.sh|&event=60,BOF2009,2009
manbow.nothing.sh|&event=59,BGA BATTLE 2,2009
manbow.nothing.sh|&event=58,Music Objective,2008
manbow.nothing.sh|&event=57,experimentation,2008
manbow.nothing.sh|&event=56,BOFOON2008,2008
manbow.nothing.sh|&event=55,BOF2008後夜祭,2008
manbow.nothing.sh|&event=54,BOF2008,2008
manbow.nothing.sh|&event=53,24時間BMS,2008
manbow.nothing.sh|&event=52,A-1 ClimaX,2008
manbow.nothing.sh|&event=51,Foot Pedal Party,2008
manbow.nothing.sh|&event=50,MAXBEAT,2008
manbow.nothing.sh|&event=49,BGA BATTLE,2008
manbow.nothing.sh|&event=48,Wire Puller,2007
manbow.nothing.sh|&event=47,東方音弾遊戯2,2007
manbow.nothing.sh|&event=46,戦國後夜祭,2007
manbow.nothing.sh|&event=45,BOFOON2007,2007
manbow.nothing.sh|&event=44,戦國 ～夏の陣～,2007
manbow.nothing.sh|&event=43,Be Happy! 3rd season,2007
manbow.nothing.sh|&event=42,Chaotic Field,2007
manbow.nothing.sh|&event=41,無名戦6,2007
manbow.nothing.sh|&event=40,無名戦6,2007
manbow.nothing.sh|&event=39,BMS活性化運動,2007
manbow.nothing.sh|&event=38,BMS活性化運動,2007
manbow.nothing.sh|&event=37,BOF2006後夜祭,2006
manbow.nothing.sh|&event=36,BOF2006,2006
manbow.nothing.sh|&event=35,BOF2006前哨戦,2006
manbow.nothing.sh|&event=34,dark music BMS Event,2006
manbow.nothing.sh|&event=33,Be Happy! 2nd season,2006
manbow.nothing.sh|&event=32,BOFOON2006,2006
manbow.nothing.sh|&event=31,ten:tax,2006
manbow.nothing.sh|&event=30,東方音弾遊戯,2006
manbow.nothing.sh|&event=29,BGAparty revival RW06,2005
manbow.nothing.sh|&event=28,第二回仮装BMS舞踏会,2006
manbow.nothing.sh|&event=26,B-1 Unrestricted,2005
manbow.nothing.sh|&event=25,BOFOON2005,2005
manbow.nothing.sh|&event=24,BOF2005後夜祭,2005
manbow.nothing.sh|&event=23,BOF2005前夜祭,2005
manbow.nothing.sh|&event=22,BOF2005,2005
manbow.nothing.sh|&event=21,無名戦5,2005
manbow.nothing.sh|&event=20,BGAparty revival RW05,2004
manbow.nothing.sh|&event=19,BGAparty revival autumn,2004
manbow.nothing.sh|&event=18,ウラ・キューキービーツ,2004
manbow.nothing.sh|&event=17,BOF2004,2004
manbow.nothing.sh|&event=16,I respect you,2004
manbow.nothing.sh|&event=15,2weeks Score Attack,2004
manbow.nothing.sh|&event=14,BGAparty revival featuring SpringPhase,2004
manbow.nothing.sh|&event=13,BGA PARTY FINAL,2004
manbow.nothing.sh|&event=12,Spring Phase,2004
manbow.nothing.sh|&event=11,仮装BMS舞踏会,2004
manbow.nothing.sh|&event=10,LiZvsOMT,2003
manbow.nothing.sh|&event=9,無名戦3,2003
manbow.nothing.sh|&event=8,BGA PARTY,2003
manbow.nothing.sh|&event=7,5KB BMS Event,2002
manbow.nothing.sh|&event=6,WINTER BGA PARTY,2002
manbow.nothing.sh|&event=5,Winter Ambience,2002
manbow.nothing.sh|&event=4,AUTUMN BGA PARTY,2002
manbow.nothing.sh|&event=3,Be Happy!,2002
manbow.nothing.sh|&event=2,NOIZE SPHERE,2002
manbow.nothing.sh|&event=1,SUMMER BGA,2002
k-bms.com|board_num=25,PABAT!2025,2025
k-bms.com|board_num=24,PABAT!2024,2024
k-bms.com|board_num=23,PABAT!2023,2023
k-bms.com|board_num=22,PABAT!2022,2022
k-bms.com|board_num=21,PABAT!2021,2021
k-bms.com|board_num=20,PABAT!2020,2020
k-bms.com|board_num=19,PABAT!2019,2019
k-bms.com|board_num=18,PABAT!2018,2018
k-bms.com|board_num=17,PABAT!2017,2017
k-bms.com|board_num=16,PABAT!2016,2016
k-bms.com|board_num=15,PABAT!2015,2015
k-bms.com|board_num=11,PABAT!2014,2014
k-bms.com|board_num=1,PABAT!2013,2013
venue.bmssearch.net/ippaitukuru2019,BMSをいっぱい作る2019,2019
venue.bmssearch.net/ippaitukuru2018,BMSをいっぱい作る2018,2018
venue.bmssearch.net/genreshuffle4,GENRE-SHUFFLE 4,2024
venue.bmssearch.net/bmstukuru2026,BMSをたくさん作るぜ'26,2026
venue.bmssearch.net/bmstukuru2025,BMSをたくさん作るぜ'25,2025
venue.bmssearch.net/bmstukuru2024,BMSをたくさん作るぜ'24,2024
venue.bmssearch.net/bmstukuru2023,BMSをたくさん作るぜ'23,2023
venue.bmssearch.net/bmstukuru2022,BMSをたくさん作るぜ'22,2022
venue.bmssearch.net/bmstukuru2020,BMSをたくさん作るぜ'20,2020
venue.bmssearch.net/bmschiptune2,Bit Memory Futurity,2026
venue.bmssearch.net/letsbmsedit4,Let's BMS Edit! 4,2025
venue.bmssearch.net/letsbmsedit3,Let's BMS Edit! 3,2024
venue.bmssearch.net/letsbmsedit2,Let's BMS Edit! 2,2024
venue.bmssearch.net/letsbmsedit,Let's BMS Edit!,2023
venue.bmssearch.net/positionswap,Position Swap,2018
venue.bmssearch.net/romanticbms,ROMANTIC BMS EVENT,2022
venue.bmssearch.net/mutualfaith3,Mutual Faith 3,2020
venue.bmssearch.net/popira20bms,#Popira20,2021
venue.bmssearch.net/fantasybms,Blessed Magical Story,2022
venue.bmssearch.net/artisticbms,アートなBMS,2022
venue.bmssearch.net/bms-classic,BMS Classic,2025
venue.bmssearch.net/bms_coffee,BMS珈琲店,2025
venue.bmssearch.net/freebattle,FREE BATTLE,2024
venue.bmssearch.net/irregutime,Irregutime-World,2025
venue.bmssearch.net/hanadayori,BMSで花便り,2024
venue.bmssearch.net/bmsmelody,Endless Melody,2023
venue.bmssearch.net/bmsshuin3,第三回BMS衆議院選,2021
venue.bmssearch.net/bmsshuin2,第二回BMS衆議院選,2019
venue.bmssearch.net/3,BMS衆議院選,2017
venue.bmssearch.net/bmskanji2,BMSかん字ドリル 2年生,2022
venue.bmssearch.net/bmscoycc,choice of your colors,2024
venue.bmssearch.net/virtuabms,VirtuaBMS 1st style,2023
venue.bmssearch.net/standout,Strive to Stand Out,2022
venue.bmssearch.net/ondanre2,東方音弾遊戯RE2,2025
venue.bmssearch.net/tohobmsr,東方音弾遊戯 REVIVED,2024
venue.bmssearch.net/msgkbms,メスガキに分からせられるBMS,2023
venue.bmssearch.net/bmfive2,BM5²,2026
venue.bmssearch.net/kivotos,キヴォトス音ゲ大祭,2025
venue.bmssearch.net/bossbms,BOSS RUSH,2025
venue.bmssearch.net/ut10bms,DETERMINATION FILLED,2025
venue.bmssearch.net/vfpq02,vfpq competition #02,2017
venue.bmssearch.net/bmfive,BM5,2025
venue.bmssearch.net/1,BMSかんじドリル,2016
9domu46i.com/yuruyuru|phase25.html,ゆるゆる Phase 25,2025
9domu46i.com/yuruyuru|phase24.html,ゆるゆる Phase 24,2025
9domu46i.com/yuruyuru|phase23.html,ゆるゆる Phase 23,2025
9domu46i.com/yuruyuru|phase22.html,ゆるゆる Phase 22,2024
9domu46i.com/yuruyuru|phase21.html,ゆるゆる Phase 21,2024
9domu46i.com/yuruyuru|phase20.html,ゆるゆる Phase 20,2024
9domu46i.com/yuruyuru|phase19.html,ゆるゆる Phase 19,2023
9domu46i.com/yuruyuru|phase18.html,ゆるゆる Phase 18,2023
9domu46i.com/yuruyuru|phase17.html,ゆるゆる Phase 17,2023
9domu46i.com/yuruyuru|phase16.html,ゆるゆる Phase 16,2022
9domu46i.com/yuruyuru|phase15.html,ゆるゆる Phase 15,2022
9domu46i.com/yuruyuru|phase14.html,ゆるゆる Phase 14,2021
9domu46i.com/yuruyuru|phase13.html,ゆるゆる Phase 13,2021
9domu46i.com/yuruyuru|phase12.html,ゆるゆる Phase 12,2021
9domu46i.com/yuruyuru|phase11.html,ゆるゆる Phase 11,2021
9domu46i.com/yuruyuru|phase10.html,ゆるゆる Phase 10,2020
9domu46i.com/yuruyuru|phase9.html,ゆるゆる Phase 9,2020
9domu46i.com/yuruyuru|phase8.html,ゆるゆる Phase 8,2020
9domu46i.com/yuruyuru|phase7.html,ゆるゆる Phase 7,2019
9domu46i.com/yuruyuru|phase6.html,ゆるゆる Phase 6,2019
9domu46i.com/yuruyuru|phase5.html,ゆるゆる Phase 5,2019
9domu46i.com/yuruyuru|phase4.html,ゆるゆる Phase 4,2019
9domu46i.com/yuruyuru|phase3.html,ゆるゆる Phase 3,2019
9domu46i.com/yuruyuru|phase2.html,ゆるゆる Phase 2,2019
9domu46i.com/yuruyuru|phase1.html,ゆるゆる Phase 1,2019
